LINE,HARDWARE_ID,ROLE,PN,URL,DESCRIPTION,QTY,UNIT,WHERE,FAMILY,EVIDENCE,SUBSTITUTE
MC-001,H-001,REQUIRED,60015K58,https://www.mcmaster.com/60015K58/,"Vibration-damping pad, 4″ × 4″ × ¾″, segmented, Durometer 50A, black",8,each,"Under F-001 driveway sill — protect pavement, no fasteners into slab",https://www.mcmaster.com/products/vibration-damping-pads/,S,"Same 4″ square rubber pad ≥ ½″ thick, outdoor-capable, no metal studs"
MC-002,W-003,REQUIRED,96825K84,https://www.mcmaster.com/96825K84/,"Red oak rod, ⌀1¼″ × 36″, dia. tol. ±0.010″ — mill two oak pivots",1,each,"W-003: bottom socket in sill at P1, top in C-001 soffit. Cut two pins from this rod.",https://www.mcmaster.com/products/wood-dowel-rods/,S,Mill from white-oak 5/4 if rod stock is out; keep ⌀1.25″ locational fit
MC-003,W-002,REQUIRED,96825K75,https://www.mcmaster.com/96825K75/,"Red oak rod, ⌀⅜″ × 36″ — drawbore pegs (prefer riven if available)",1,each,W-002 pegs for gate hozo + kama-tsugi. Never glue locking faces.,https://www.mcmaster.com/products/wood-dowel-rods/,S,Riven oak ⅜″ pegs from 1×4 oak on the lumber buy
MC-004,H-006A,REQUIRED,8836N52,https://www.mcmaster.com/8836N52/,"IP67 wet-location LED tape, 16 ft, warm 2700 K, 24 V DC, 480 lm/ft, ½″ wide",1,each,"C-001 soffit dado, garden edge. Cut only at marked 1″ intervals. Cover with wood slat.",https://www.mcmaster.com/products/tape-lights/,S,Same family 8836N55 (3000 K) or 8836N62 (4000 K) 16 ft IP67
MC-005,H-006B,REQUIRED,8836N24,https://www.mcmaster.com/8836N24/,"24 V DC wet-location driver, 96 W, for 11–16 ft of 8836N tape, IP67 enclosure",1,each,Dry niche in P3 planter F-005 — never at the house. Qualified electrician for 120 V feed.,https://www.mcmaster.com/products/tape-lights/,S,8836N25 (60 W) only if tape is shortened under 10 ft
MC-006,H-006C,REQUIRED,8836N75,https://www.mcmaster.com/8836N75/,"Tape-to-wire connector, 6″ leads, for fixed white 8836N tape (not wet-rated — keep inside dado)",2,each,"Soffit dado, under wood cover. Do not expose to rain.",https://www.mcmaster.com/products/tape-lights/,S,Solder + adhesive-lined heat-shrink inside the dado; still cover with wood
MC-007,H-006D,OPTIONAL,8836N17,https://www.mcmaster.com/8836N17/,"Low aluminum tape channel, 6.6 ft, frosted lens — lighting accessory, not structure",2,each,Optional liner in C-001 soffit dado if the wood cover slat is omitted,https://www.mcmaster.com/products/tape-lights/,S,Skip; default is a wood cover slat (allowed metal is lighting only)
MC-008,H-004,OPTIONAL,1304A42,https://www.mcmaster.com/1304A42/,"304 SS dull screw-on padlockable hasp, Style E, 3¼″, No. 8 fasteners",1,each,Optional lock on G-010. Fasteners into oak latch parts only — not into nuki/posts as structure.,https://www.mcmaster.com/products/straight-bar-hasps/,S,1304A28 (6″ Style D) if a longer throw is needed
MC-009,W-002-ALT,OPTIONAL,96825K24,https://www.mcmaster.com/96825K24/,"Red oak rod, ⌀1¼″ × 48″ — longer pivot blank if 36″ rod is short after waste",1,each,Buy instead of MC-002 if shop wants extra length for test coupons,https://www.mcmaster.com/products/wood-dowel-rods/,S,MC-002 96825K84
